Period,base,peak
1,82.7078771190366,101.438237109375
2,61.019918040293035,54.066750897435895
3,67.38074121376812,64.40873055555555
4,79.50579551833408,102.12255441919191
Y,72.63,80.45
