Period,base,peak
1,84.7690271885132,103.27352820512822
2,62.54058704212454,55.04496346153846
3,69.05992576992753,65.57406166666667
4,81.4871454051607,103.97022941919191
Y,74.44,82.05
